,Length,Width,Views,Price_USD,Age
0,4.0,1.9,226,3667.363,7
1,4.0,1.5,75,3751.75,4
2,3.0,1.0,64,3703.7,4
3,3.55,1.46,58,3653.925,5
5,3.64,1.37,45,3582.975,5
6,4.35,1.73,180,3547.5,6
9,4.4,1.65,113,5055.4,4
14,3.55,1.46,69,4298.925,5
15,4.31,1.64,90,4224.75,4
19,3.55,1.46,130,4428.97,6
21,4.01,1.5,512,4368.525,4
30,3.88,1.49,54,6462.5,5
31,5.2,2.2,186,5912.5,6
35,4.3,1.75,57,5858.75,6
36,4.01,1.64,67,5803.925,6
39,4.2,1.85,141,5590.0,4
41,4.0,1.65,99,6044.5,4
46,5.7,2.2,122,6987.5,6
55,5.2,2.06,119,8385.0,5
59,4.45,1.85,462,8962.345,4
69,4.4,1.65,96,9449.25,5
72,5.3,2.2,166,9245.0,6
73,4.8,1.9,873,10182.235,4
75,5.53,2.18,221,9137.5,6
90,4.88,2.03,64,10293.125,8
91,4.8,2.0,91,10269.475,5
93,5.7,2.1,184,10212.5,5
100,4.99,2.1,115,10873.625,4
101,4.5,1.65,159,11979.1,4
105,5.9,2.38,155,10750.0,6
123,5.07,2.12,150,11823.925,4
124,5.1,2.1,255,11823.925,4
125,5.2,2.22,179,11823.925,4
135,4.6,1.8,133,12889.25,5
137,5.3,2.39,284,14232.05,5
138,4.0,1.0,166,12726.999999999998,5
139,4.0,2.0,134,12726.999999999998,4
140,5.0,1.9,273,14177.1,4
145,4.9,1.9,180,13727.75,4
146,4.0,1.0,67,13583.57,4
147,5.7,2.25,97,13706.25,4
148,5.0,2.0,147,13437.5,5
156,5.0,2.0,35,14716.75,10
157,4.57,1.93,212,16155.3,6
158,5.7,2.1,214,14583.45,5
171,5.76,2.25,292,17144.4,4
172,4.9,2.08,119,15443.45,6
174,4.52,1.9,220,16924.6,5
176,5.68,1.99,285,15265.0,5
180,5.6,2.35,70,15050.0,6
184,4.7,1.85,156,16017.5,10
186,5.55,2.18,87,16017.5,4
187,4.7,1.95,70,16017.5,5
194,5.55,2.18,80,16017.5,4
198,5.53,2.18,50,16662.5,4
204,5.5,2.29,219,16661.425,4
205,5.0,2.0,71,16651.75,7
206,5.48,2.36,56,16604.45,4
207,6.0,2.25,116,16555.0,5
208,4.57,1.83,53,18687.5,6
209,4.7,2.02,341,19434.716,4
211,5.48,2.36,99,17436.5,4
212,5.15,2.08,60,17404.25,5
214,6.4,2.25,399,19122.6,4
215,5.0,2.0,149,19122.6,5
216,4.0,1.0,50,17088.5,4
228,5.53,2.24,127,18135.25,4
229,5.83,2.03,247,20012.79,4
230,4.95,2.03,241,20001.8,4
241,5.0,1.94,215,20771.1,5
260,6.15,2.27,149,20156.25,4
263,6.1,2.4,324,20091.75,4
267,5.52,2.43,73,20016.5,4
269,6.4,2.25,185,22089.9,4
270,5.0,1.9,401,21870.1,4
272,4.0,2.0,95,19705.4,4
273,4.86,1.96,145,19903.625,4
281,4.99,1.97,183,23024.05,6
282,5.1,2.1,117,20747.5,4
283,9.0,1.7,235,22859.2,4
284,6.12,2.44,217,21392.5,5
285,4.78,1.95,121,21392.5,6
300,5.75,2.54,153,22036.425,4
301,6.08,2.37,115,22026.75,6
302,5.3,2.15,118,24298.89,4
311,5.64,2.45,73,23000.7,4
312,6.89,2.5,43,22897.5,4
313,6.6,2.47,394,25277.0,5
318,5.67,2.25,135,22671.75,5
323,5.03,2.12,62,22575.0,4
340,5.47,2.29,86,24596.0,4
341,5.65,2.2,140,24563.75,4
342,5.0,2.0,63,24281.4,4
343,5.28,2.09,114,24510.0,4
344,5.18,2.29,87,24479.9,6
345,5.79,2.46,49,24472.375,4
348,5.42,2.32,142,24381.0,4
352,6.25,2.3,107,24209.0,4
353,6.06,2.2,109,25413.0,7
355,4.54,1.85,84,25294.75,4
362,6.6,1.85,888,27475.0,4
363,5.6,2.25,84,25036.75,5
366,5.73,2.2,157,25982.75,4
367,5.25,1.98,125,25597.0,4
368,6.0,2.0,65,25597.0,4
371,5.3,2.0,198,28519.05,4
384,6.5,2.4,110,26767.5,6
385,6.05,2.42,69,26767.5,5
394,6.05,2.42,48,26767.5,4
407,6.5,3.0,72,26875.0,7
413,5.3,2.3,64,27842.5,9
414,6.43,2.5,264,27842.5,5
418,6.0,2.0,80,27842.5,6
426,6.6,2.45,94,28810.0,4
428,5.1,2.13,138,31761.1,7
429,4.98,2.0,173,31761.1,5
431,5.0,2.0,158,31761.1,5
433,6.5,2.4,97,28702.5,4
434,6.48,2.53,104,28702.5,4
435,6.5,2.4,137,28702.5,4
436,6.1,2.33,224,28616.5,4
439,6.77,2.48,55,28527.275,4
440,6.42,2.59,85,29347.5,4
441,4.6,1.85,191,32420.5,4
446,5.07,2.12,56,29154.0,4
447,6.28,2.24,228,32090.8,4
451,7.52,2.43,227,29992.5,4
452,6.08,2.37,111,29992.5,8
454,6.5,2.48,308,29992.5,6
455,6.05,2.4,41,29992.5,5
456,6.25,2.28,83,29992.5,5
467,7.65,2.48,252,30637.5,4
477,6.75,2.54,161,31175.0,6
498,5.89,2.44,66,34062.5,6
503,5.07,2.12,102,31873.75,5
523,6.05,2.25,65,33136.875,5
524,5.07,2.12,62,33131.5,4
525,6.05,2.25,71,33120.75,5
529,5.7,2.26,136,33001.425,4
531,6.03,1.9,164,35970.27,6
532,5.5,2.29,92,32787.5,4
541,5.2,2.1,166,34217.25,5
543,12.5,4.2,290,34185.0,4
544,6.12,2.4,158,37739.66,4
547,6.5,2.4,36,34937.5,5
550,6.99,2.55,81,34937.5,5
559,11.65,3.25,140,34926.75,44
570,6.52,2.44,87,35475.0,4
577,5.72,2.4,75,36550.0,7
582,6.8,2.3,82,36496.25,4
583,7.1,2.5,104,36496.25,4
584,7.45,2.49,130,36442.5,9
589,5.64,2.45,31,36442.5,5
590,5.5,2.29,97,37517.5,4
594,7.45,2.5,301,37517.5,4
598,8.0,2.8,128,37517.5,24
602,6.4,2.45,220,37440.1,5
621,6.2,2.34,48,38161.425,4
622,5.94,2.4,40,38108.75,4
623,5.56,2.26,27,38075.425,4
624,6.9,1.78,106,38055.0,4
625,5.7,2.26,131,37893.75,4
633,6.58,2.38,283,41707.05,5
634,7.74,2.52,65,39145.05,4
637,6.8,2.35,103,39022.5,4
638,6.0,2.0,32,38610.0,5
639,5.73,2.29,131,43102.78,4
641,6.02,2.34,269,43047.83,4
642,5.0,2.0,90,38467.0,4
643,7.5,2.5,166,42861.0,6
647,6.06,2.2,172,44464.441,5
649,6.74,2.55,194,44278.71,4
651,5.94,2.4,144,44003.96,5
653,6.4,2.4,109,39775.0,4
665,6.0,2.34,91,40850.0,4
681,5.94,2.29,113,41817.5,4
686,6.0,2.0,153,41327.0,5
687,7.43,2.81,60,41703.55,4
688,6.0,2.0,73,41654.1,6
689,5.56,2.23,85,41602.5,4
692,5.49,2.2,300,46454.73,4
693,6.05,2.32,164,41925.0,4
703,8.5,2.8,65,41925.0,6
706,6.6,2.5,50,42879.6,5
708,6.04,2.26,70,42785.0,4
711,6.4,2.25,52,42615.15,6
714,7.8,2.45,118,42559.25,5
715,6.8,2.49,66,42462.5,14
719,5.75,2.54,84,42998.925,4
722,5.94,2.54,43,42989.25,5
723,6.2,2.44,41,42989.25,4
727,8.4,2.8,155,42946.25,4
729,5.52,2.4,38,42916.15,5
734,7.76,2.85,208,44073.925,4
735,5.56,2.23,28,43967.5,4
737,6.5,2.4,90,43860.0,5
739,5.5,2.29,83,43698.75,4
740,5.1,2.3,93,47806.5,16
741,5.77,2.44,39,46160.0,4
744,5.7,2.15,114,43440.75,4
746,6.0,2.0,105,42757.0,4
749,5.99,2.21,82,45042.5,5
751,5.7,2.38,64,45042.5,4
752,5.56,2.23,29,45042.5,4
753,6.1,2.34,73,45042.5,4
754,6.7,2.45,104,45031.75,4
755,8.0,3.0,144,45025.3,4
756,6.15,2.27,168,49345.1,11
757,6.0,2.0,54,44898.45,6
758,7.23,2.55,55,44790.95,4
762,5.52,2.4,52,45687.5,6
765,7.88,2.55,176,45686.425,4
767,7.0,2.5,200,45472.5,4
769,5.73,2.29,257,50224.3,5
770,6.66,2.55,66,45365.0,4
771,7.15,2.45,222,51122.183,4
799,6.48,2.46,62,47298.925,4
803,6.4,2.48,51,48267.5,5
806,5.7,2.38,60,48267.5,4
828,7.25,2.5,170,48375.0,5
831,6.86,2.48,38,48375.0,4
833,5.75,2.54,202,53741.1,4
836,6.45,2.5,123,53620.21,5
847,5.7,2.3,201,54914.832,4
848,6.48,2.46,62,49665.0,4
850,5.7,2.5,209,54840.1,6
852,6.1,2.34,234,54840.1,4
859,6.99,2.56,97,50632.5,4
860,6.4,2.38,156,55939.1,4
869,6.31,2.48,31,50525.0,4
907,7.46,2.55,70,53211.425,6
908,8.23,2.79,91,53201.75,4
914,7.28,2.5,59,52997.5,5
920,6.5,2.55,119,53642.5,4
922,6.35,2.29,89,53631.75,4
923,5.99,2.21,194,59258.08,4
924,6.6,2.48,186,59236.1,5
925,5.94,2.54,70,53588.75,5
926,5.97,2.54,54,53588.75,5
934,8.0,2.5,90,53748.925,7
935,5.97,2.54,67,53748.925,5
936,6.52,2.44,64,53748.925,4
943,7.48,2.53,164,53695.175,5
944,6.96,2.5,140,54450.9,5
945,6.25,2.2,56,54384.25,4
946,5.94,2.54,99,54244.5,5
947,6.25,2.44,74,57437.5,7
949,6.71,2.54,74,54083.25,4
950,7.98,2.97,67,53965.0,4
951,6.86,2.52,50,53965.0,5
952,7.15,2.48,281,59440.514,4
957,7.23,2.55,161,61840.73,4
958,6.77,2.54,270,55900.0,4
972,6.86,2.46,70,61187.5,5
974,7.26,2.48,129,57671.6,4
975,6.0,2.0,63,57056.99999999999,5
977,5.99,2.21,153,57582.375,4
980,6.48,2.46,44,57511.425,4
989,7.48,2.53,218,58576.75,5
990,6.74,2.55,187,64731.1,4
991,5.94,2.54,82,58447.75,4
992,5.94,2.54,36,58447.75,4
993,5.94,2.54,79,58447.75,4
994,5.94,2.54,101,58447.75,4
996,6.99,2.56,71,58200.5,4
998,6.2,2.4,317,58163.95,4
999,5.94,2.54,95,58125.25,6
1011,7.76,2.86,348,59123.925,4
1033,7.48,2.53,24,60200.0,5
1039,7.26,2.48,52,60200.0,4
1042,7.26,2.48,85,60200.0,4
1043,5.49,2.31,180,66438.946,5
1046,8.4,2.8,363,61312.625,4
1052,7.8,2.55,96,61275.0,5
1056,6.86,2.48,28,61275.0,4
1057,6.41,2.48,41,61275.0,4
1058,6.82,2.45,67,62457.5,4
1070,6.41,2.48,47,62350.0,4
1090,6.9,2.48,62,63962.5,4
1092,7.45,2.5,144,63962.5,4
1096,6.6,2.5,64,63962.5,5
1108,6.5,2.5,136,64392.5,5
1114,6.48,2.46,77,64392.5,4
1116,6.3,2.5,177,64392.5,5
1119,6.55,2.54,57,64543.0,4
1120,6.55,2.54,137,64543.0,4
1121,6.55,2.54,112,64543.0,4
1122,6.55,2.54,170,64543.0,4
1134,8.1,2.5,84,66757.5,5
1142,7.48,2.53,78,66596.25,4
1143,7.41,2.49,86,66542.5,5
1144,7.48,2.53,22,66542.5,4
1145,6.2,2.4,79,73347.26,4
1146,6.1,2.5,110,66341.47499999999,3
1148,6.55,2.54,77,68133.5,4
1149,6.55,2.54,53,68133.5,4
1151,6.8,2.55,294,75224.352,4
1152,7.98,2.95,99,68047.5,4
1153,6.45,2.47,248,67731.45,5
1161,7.13,2.53,51,67725.0,4
1165,7.9,2.81,29,69337.5,4
1168,6.48,2.46,67,69326.75,5
1169,6.9,2.5,90,76615.686,5
1171,7.42,2.5,45,68497.0,4
1172,7.18,2.6,35,69203.125,5
1175,6.94,2.57,192,76380.5,6
1176,6.95,2.55,166,76380.5,4
1177,7.48,2.53,32,68888.15,6
1193,7.8,2.45,76,69875.0,5
1195,8.1,2.5,23,69875.0,5
1204,7.5,2.8,59,71208.0,4
1205,8.1,2.0,94,70996.22499999999,4
1207,7.12,2.79,62,70950.0,6
1208,7.19,2.52,53,70950.0,4
1210,8.23,2.79,179,70939.25,4
1211,7.48,2.55,244,70939.25,4
1212,7.65,2.5,106,70842.5,6
1213,8.17,2.53,23,70842.5,4
1215,9.28,3.06,84,74993.75,6
1216,6.99,2.73,28,70735.0,6
1217,6.71,2.54,97,74937.5,6
1219,6.6,2.1,85,72902.2,5
1228,8.7,2.55,162,72347.5,4
1229,6.4,2.55,205,79897.3,3
1234,7.15,2.5,72,74067.5,9
1236,7.62,2.53,144,74067.5,5
1237,6.2,2.54,48,74067.5,5
1238,6.5,2.5,83,74067.5,5
1262,6.28,2.45,113,82997.579,5
1266,7.75,2.5,163,74981.25,4
1269,7.0,2.5,113,74927.5,4
1270,6.71,2.54,25,74873.75,4
1283,8.05,3.0,65,75248.925,4
1284,7.19,2.52,76,76862.5,4
1285,8.23,2.79,81,76862.5,4
1286,7.25,2.57,230,84792.246,4
1290,7.6,2.53,166,84513.09999999999,4
1293,8.23,2.76,37,76325.0,4
1295,7.88,2.55,42,76314.25,4
1296,6.92,2.59,73,76217.5,5
1297,7.09,2.5,37,76217.5,4
1300,7.69,2.5,155,78475.0,5
1304,7.09,2.5,44,78367.5,4
1305,8.23,2.79,58,78367.5,4
1307,7.88,2.55,271,86546.25,4
1319,8.04,2.6,75,79813.375,5
1320,8.23,2.79,36,79796.175,4
1321,6.96,2.53,24,79619.875,5
1355,7.13,2.5,42,80625.0,5
1360,8.8,2.99,33,83023.325,4
1361,6.8,2.4,176,91711.55,5
1373,7.9,2.81,62,84817.5,4
1375,6.68,2.4,205,93415.0,5
1376,7.7,2.54,183,93415.0,6
1378,8.9,2.99,90,84430.5,4
1379,8.0,2.64,145,84387.5,4
1380,6.96,2.53,62,84387.5,4
1383,6.4,2.5,128,92677.571,3
1394,7.35,2.54,55,84925.0,4
1404,8.1,2.7,81,85892.5,8
1405,8.1,2.7,89,85892.5,8
1406,7.93,2.8,73,85892.5,4
1408,7.15,2.54,76,85785.0,4
1410,7.42,2.79,39,90868.75,4
1413,7.75,2.55,109,85516.25,4
1437,9.0,2.5,207,88526.25,4
1446,6.84,2.45,304,91321.25,4
1450,8.1,2.53,30,91267.5,4
1452,7.93,2.8,95,91267.5,4
1459,8.1,2.55,336,99908.991,4
1462,7.75,2.45,81,91375.0,5
1479,9.0,2.94,106,93514.25,4
1480,6.98,2.98,69,93514.25,5
1481,8.03,2.82,47,93417.5,5
1482,6.8,2.5,143,93299.25,4
1484,6.65,2.41,123,92987.5,4
1485,8.3,2.8,138,92932.675,5
1486,7.49,2.55,327,102437.79,4
1489,7.65,2.54,256,102207.0,4
1490,2.36,7.55,220,102207.0,5
1491,7.6,2.53,197,102207.0,6
1498,6.99,2.72,191,105438.06,5
1499,7.67,2.43,193,95307.35,5
1503,6.58,2.55,199,104742.393,5
1505,8.36,2.95,124,94600.0,14
1522,8.76,2.99,296,96642.5,6
1526,6.96,2.59,87,96642.5,4
1530,7.2,2.55,77,96373.75,5
1531,7.3,2.3,104,96373.75,4
1532,7.04,2.6,77,106493.1,7
1534,6.25,2.5,218,106444.744,3
1537,6.65,2.6,163,108801.0,5
1540,9.96,3.46,91,98040.0,4
1542,7.56,2.59,87,97717.5,4
1545,7.8,2.49,180,97053.15,5
1556,7.01,2.59,312,112282.632,3
1563,8.5,2.99,136,100942.5,6
1580,8.0,2.54,273,105062.975,5
1581,7.11,2.27,227,104973.75,5
1582,7.6,2.56,258,104953.325,5
1583,7.3,2.5,163,104946.875,4
1587,7.0,2.0,42,103675.0,5
1590,7.9,2.6,100,115285.1,7
1602,10.6,3.3,60,105887.5,5
1605,8.3,2.55,150,105672.5,4
1606,9.0,2.0,46,105554.25,5
1629,8.08,2.54,79,107392.5,4
1634,8.25,2.95,148,107381.75,4
1637,7.3,2.5,51,107285.0,4
1641,9.0,2.97,46,108575.0,4
1643,8.0,2.7,88,108360.0,4
1644,8.8,2.95,142,107698.875,4
1673,7.62,2.54,153,117166.4,4
1674,6.4,2.54,110,117067.5,4
1675,6.6,2.59,158,129225.915,6
1676,7.1,2.49,95,116100.0,4
1681,9.96,3.36,151,115971.0,4
1683,11.0,4.35,52,115455.0,4
1686,8.12,2.55,129,127154.3,4
1693,7.4,2.5,99,118121.0,4
1699,8.0,2.59,119,120346.25,5
1701,8.74,2.59,69,119970.0,5
1702,8.9,2.84,256,119701.25,4
1703,8.9,2.84,171,119701.25,4
1705,9.95,3.35,53,119325.0,5
1708,6.2,2.03,146,131218.402,6
1709,8.0,2.59,145,118465.0,5
1726,7.9,2.5,122,123614.25,4
1727,9.5,3.0,123,123591.675,5
1730,8.6,2.98,40,125277.275,4
1731,7.21,2.59,258,137924.5,3
1737,6.73,2.57,198,137477.207,4
1748,11.0,4.2,108,127925.0,4
1749,7.7,2.4,84,127925.0,6
1753,6.7,2.54,72,127925.0,4
1754,7.48,2.56,161,127925.0,5
1769,10.7,3.4,86,128989.25,6
1772,8.06,3.0,159,143870.09,4
1773,8.8,2.8,193,142760.1,7
1775,7.0,2.0,104,128414.0,4
1777,9.31,2.99,222,128256.69999999998,4
1778,8.15,2.55,278,143188.71,4
1796,7.9,2.5,89,134267.5,4
1800,9.0,4.0,39,134160.0,4
1801,11.0,3.5,325,134065.4,5
1807,9.12,2.98,33,135342.5,4
1810,8.65,2.59,242,148738.66,4
1817,9.1,2.98,28,138675.0,5
1833,7.96,2.98,40,139750.0,4
1839,9.12,2.98,95,139750.0,4
1844,9.4,2.95,201,139750.0,4
1849,7.35,2.54,115,144050.0,4
1851,8.1,2.56,145,143942.5,4
1859,7.75,2.74,51,145125.0,5
1874,9.0,2.0,47,145125.0,5
1886,8.15,2.55,249,149220.75,4
1891,8.0,2.6,205,166262.215,3
1902,7.9,2.5,132,154605.425,3
1905,8.1,2.56,75,153617.5,3
1907,7.7,2.5,86,153402.5,7
1912,9.19,3.1,176,153187.5,4
1916,8.1,2.56,101,152542.5,3
1917,9.12,9.98,36,156842.5,4
1918,9.85,2.98,159,156735.0,4
1919,9.95,3.45,123,156305.0,5
1948,8.5,3.8,38,161142.5,4
1952,8.07,2.59,160,160820.0,4
1962,7.89,2.59,76,162658.25,4
1963,7.89,2.59,99,162658.25,4
1964,7.89,2.59,127,162658.25,4
1965,7.99,2.95,150,161857.375,4
1966,7.8,2.49,56,178587.5,4
1996,7.89,2.5,132,170925.0,5
2049,10.28,3.59,121,181567.5,6
2050,9.95,3.35,27,181137.5,4
2051,8.0,2.0,149,178749.99999999997,4
2096,10.94,3.31,165,189703.8,4
2106,9.35,2.95,67,193500.0,4
2115,12.74,4.13,74,198412.5,35
2116,11.9,4.2,43,198412.5,18
2118,10.52,3.2,59,199842.5,4
2119,9.95,3.0,110,199371.65,4
2129,10.0,3.0,68,201916.0,4
2132,9.42,3.18,39,215625.0,5
2150,8.31,2.59,100,208872.5,4
2154,9.95,3.35,67,208464.0,4
2156,11.65,3.99,196,212312.5,6
2166,10.8,3.45,79,210436.625,4
2167,8.13,2.59,167,230790.0,6
2186,11.58,3.2,79,214998.925,7
2192,9.99,3.49,116,214892.5,6
2193,9.63,3.32,68,214892.5,5
2196,9.02,3.15,153,214892.5,4
2201,10.5,3.35,114,224675.0,4
2209,14.99,4.8,236,220375.0,6
2211,10.45,3.37,76,227900.0,4
2227,10.95,3.31,216,258265.0,7
2228,11.66,3.59,177,231216.7,4
2229,9.79,3.62,60,233597.5,5
2230,8.25,3.05,84,232834.25,5
2231,10.03,3.07,44,245993.75,4
2232,9.8,3.0,220,255957.1,4
2233,9.95,3.35,55,231261.525,4
2248,9.95,3.32,72,236500.0,4
2259,11.2,3.3,272,241875.0,5
2285,12.0,4.5,61,247142.5,4
2294,9.8,3.0,200,282157.26,4
2295,9.98,3.35,80,254775.0,4
2296,8.24,2.6,157,280759.332,5
2297,18.5,3.4,44,253968.75,5
2299,10.49,3.07,74,268687.5,6
2300,10.54,3.07,62,268687.5,6
2301,9.15,3.1,230,280025.2,5
2306,11.5,3.35,245,258000.0,4
2313,9.95,3.35,202,257888.2,4
2315,10.56,3.32,95,257129.25,4
2326,8.75,2.74,84,263375.0,4
2342,11.5,3.35,210,267675.0,5
2348,10.36,3.05,18,287437.5,6
2349,12.75,4.26,66,270242.1,4
2352,10.25,3.5,215,269825.0,4
2362,9.95,3.35,117,268750.0,6
2372,10.31,3.5,150,278425.0,4
2375,9.99,3.3,107,275132.0,4
2376,9.99,3.53,222,277350.0,5
2390,18.3,3.36,76,284767.5,5
2416,9.85,3.25,257,295625.0,4
2418,9.85,3.25,212,295625.0,4
2423,11.46,3.61,48,318687.5,4
2457,11.29,3.96,33,311750.0,4
2504,9.97,3.0,202,332551.25,5
2508,11.13,3.23,100,331100.0,4
2509,10.34,3.2,520,364894.376,3
2520,11.4,3.84,28,362437.5,5
2521,10.4,3.72,145,341850.0,4
2522,12.33,3.8,29,341687.675,4
2524,9.99,2.99,177,339339.875,4
2525,11.29,4.03,34,350450.0,4
2526,12.0,3.75,384,349375.0,5
2540,11.99,3.75,71,357812.884,4
2549,14.5,4.6,209,360125.0,3
2552,11.43,3.84,36,356143.2,4
2555,10.89,3.54,65,374100.0,4
2567,11.4,3.5,162,366037.5,4
2568,11.29,3.96,28,376250.0,4
2586,11.95,3.85,47,387000.0,4
2596,10.76,3.25,54,385925.0,4
2597,11.7,4.11,36,385925.0,4
2600,10.31,3.25,146,401351.25,4
2601,11.47,3.59,29,400867.5,4
2604,12.0,3.0,69,399707.575,5
2612,12.67,3.87,71,413875.0,4
2614,11.99,3.85,68,409296.575,4
2615,13.2,3.9,122,408500.0,4
2627,9.86,3.25,316,420249.75,3
2639,11.95,3.85,198,463173.55,5
2641,10.17,2.98,425,418712.5,4
2656,11.2,3.45,67,428925.0,4
2667,10.87,3.4,267,440750.0,4
2675,11.33,3.4,279,462250.0,4
2677,11.5,3.75,209,461294.325,3
2683,11.73,3.35,325,461175.0,5
2691,13.43,4.25,80,480267.0,4
2692,13.43,4.25,68,480267.0,4
2702,11.49,3.49,271,544005.0,5
2703,14.3,4.1,70,491487.85,4
2704,14.3,4.1,44,491487.85,4
2705,13.93,4.1,50,491055.7,4
2707,13.6,4.21,145,483611.7,4
2708,12.65,3.99,180,482181.7,4
2724,11.7,3.53,228,508801.8,4
2727,13.2,4.0,66,507937.5,5
2755,13.43,4.2,34,536425.0,4
2759,13.55,4.2,55,575599.075,4
2769,12.5,3.85,81,568675.0,4
2781,13.5,4.2,133,591250.0,5
2786,18.0,8.0,464,591250.0,3
2788,13.82,4.06,417,621995.0,4
2789,11.85,3.53,214,619612.7999999999,4
2793,12.5,3.85,134,616981.2,5
2794,12.5,4.0,429,615115.0,4
2811,12.33,3.42,126,639625.0,4
2818,13.16,3.75,236,671875.0,4
2821,15.19,4.5,74,702940.0,6
2822,19.75,4.9,48,661125.0,6
2824,14.43,4.49,149,653956.875,4
2830,13.45,4.24,102,645258.0,4
2856,13.9,4.48,161,740675.0,4
2863,13.0,3.95,113,799800.0,4
2864,14.99,4.8,127,787081.009,4
2870,13.9,4.4,200,783675.0,4
2875,14.99,4.8,58,766569.3749999999,4
2878,14.29,4.3,73,848175.0,4
2880,13.82,4.06,104,839403.0,4
2885,13.9,3.8,554,834392.4249999999,4
2888,15.85,4.51,149,881250.0,4
2889,11.25,3.2,118,829900.0,4
2903,16.11,4.5,72,875265.0,4
2904,15.0,4.0,59,943043.75,8
2920,16.11,4.49,108,994487.875,4
2923,18.7,4.84,63,974057.5,4
2943,14.65,4.37,73,1057800.0,4
2953,16.76,4.61,32,1187500.0,4
2956,15.82,4.67,66,1104857.05,6
2957,17.6,5.0,56,1104025.0,4
2968,18.7,4.84,93,1236250.0,5
2969,15.1,4.6,141,1230337.5,4
2971,18.9,4.88,63,1298417.5,5
2972,16.25,4.96,80,1222914.625,6
2974,16.71,4.75,161,1201900.7,4
2988,19.9,9.0,398,1343750.0,3
2990,18.01,4.72,87,1418750.0,4
2996,18.52,4.85,130,1495755.0,4
2997,18.52,4.85,167,1495755.0,4
3014,17.2,4.85,63,1685210.85,4
3016,18.24,4.7,351,1773607.5,3
3022,17.2,4.85,174,1977750.6,4
3023,17.2,4.85,53,1976183.25,4
3032,16.49,4.53,127,1928550.0,4
3033,19.98,5.54,68,1928550.0,4
3035,18.8,5.38,39,1918875.0,5
3043,22.86,6.05,53,2276850.0,4
3049,18.5,5.15,105,2167200.0,4
3053,23.75,6.6,101,2816500.0,5
3060,18.0,5.0,87,2686425.0,4
3066,22.86,6.05,123,3751750.0,4
3068,21.86,5.6,95,3706148.5,4
3069,20.54,5.29,285,3665750.0,4
3081,30.55,7.4,94,5822200.0,4
3085,30.55,7.4,63,5751250.0,5
3088,26.3,6.48,59,5975000.0,4
3089,23.75,6.6,110,5599513.75,4
3091,43.3,8.2,167,17226875.0,4
3094,37.0,8.1,124,13061250.0,4
3096,38.4,7.5,76,12319500.0,4
3102,30.4,8.25,160,9997500.0,4
3103,54.4,9.6,1009,33325000.0,4
3104,47.6,9.6,304,25853750.0,4
3106,40.0,9.5,110,18167500.0,4
3107,36.3,8.0,130,18006250.0,4
3109,37.3,7.5,82,9922250.0,4
3110,34.83,7.1,82,9757345.0,4
3112,39.3,7.54,96,9567500.0,7
3117,28.06,6.55,535,9000106.25,4
3122,28.96,6.58,90,7950000.0,4
3127,34.83,7.1,126,7310000.0,7
3132,23.9,6.76,134,6772500.0,7
3133,26.3,6.47,209,7043941.25,5
3135,23.9,6.76,107,6342500.0,4
3147,26.34,6.35,41,4945000.0,6
3159,25.15,5.76,166,4257000.0,4
3163,22.61,5.85,214,4121550.0,4
3166,22.2,5.6,60,3950141.25,4
3167,7.62,5.49,97,3950141.25,4
3172,23.62,5.97,26,3481250.0,4
3173,23.62,5.97,38,3481250.0,4
3174,21.5,5.6,84,3278750.0,4
3175,23.42,6.12,96,3249725.0,4
3178,22.82,5.38,171,3383786.25,5
3193,23.03,5.64,80,2993875.0,4
3194,22.82,5.38,125,3136525.0,5
3201,22.59,5.43,84,2831250.0,5
3202,22.59,5.43,50,2831250.0,4
3206,20.8,5.45,88,2580000.0,6
3208,20.8,5.45,54,2513671.875,4
3210,22.59,5.43,43,2631250.0,5
3211,22.59,5.43,33,2631250.0,5
3227,23.2,6.4,227,2150000.0,4
3230,19.98,5.54,78,2148925.0,4
3236,21.46,5.33,70,2133875.0,5
3266,18.95,4.99,87,1850062.5,4
3267,15.82,4.67,62,1833941.4,4
3269,22.0,5.07,59,1827500.0,4
3279,18.8,5.38,75,1811375.0,5
3282,18.5,5.0,127,1741500.0,4
3283,19.98,5.54,47,1728600.0,4
3284,17.0,4.95,113,1728309.75,4
3285,19.03,5.15,74,1723277.6749999998,5
3315,17.21,4.87,124,1627267.5,4
3317,18.52,4.85,100,1508219.625,7
3320,18.52,4.85,83,1474400.125,7
3326,16.9,4.9,181,1451250.0,4
3332,18.7,5.0,69,1435125.0,4
3333,17.13,4.42,107,1411002.0,4
3340,18.4,4.6,431,1381375.0,4
3344,18.7,5.0,50,1370625.0,5
3347,17.2,4.85,71,1325438.45,6
3348,17.2,5.87,41,1314484.2,4
3351,17.0,4.95,96,1294246.25,4
3355,16.0,7.0,311,1290000.0,3
3357,17.0,4.37,72,1287420.0,4
3363,18.52,4.85,110,1273434.25,7
3366,19.98,5.54,90,1263125.0,6
3368,16.36,4.79,141,1251042.0,4
3383,17.2,4.85,98,1177662.5,7
3384,14.61,4.0,126,1177125.0,4
3386,16.2,4.4,157,1177039.0,4
3395,15.82,4.67,143,1166160.0,4
3401,16.5,4.7,78,1145950.0,4
3402,15.82,4.67,149,1138742.125,6
3403,15.82,4.67,193,1132620.0,4
3435,16.3,4.73,79,1048125.0,4
3440,19.53,6.12,45,1013512.5,17
3485,12.98,4.37,108,951858.75,5
3495,15.19,4.5,73,999937.5,7
3497,13.91,3.9,372,927407.875,4
3526,13.86,4.3,84,870750.0,4
3531,14.8,3.8,90,860000.0,5
3558,14.98,5.0,54,817430.0,4
3560,13.82,4.06,99,816389.4,4
3625,15.6,4.61,350,721490.5499999999,4
3631,13.8,4.37,109,711510.25,4
3634,11.72,3.33,370,781983.559,4
3639,22.0,5.6,41,697125.0,24
3654,13.45,4.25,75,691698.0,4
3655,12.0,3.5,88,691380.875,4
3692,13.06,4.1,63,643925.0,4
3716,13.06,4.1,62,632027.975,4
3717,17.8,5.14,192,629950.0,3
3724,14.5,4.39,51,623500.0,4
3730,13.06,4.1,115,623392.5,4
3737,13.06,4.1,83,611675.0,5
3740,15.7,4.28,136,607375.0,4
3750,13.55,4.2,132,601184.075,4
3754,13.06,4.1,49,595094.2,4
3755,13.79,3.64,102,593400.0,4
3776,11.85,3.53,106,585234.2999999999,4
3777,13.2,4.0,113,580760.15,4
3796,13.7,3.99,110,563730.0,4
3803,14.78,4.2,33,555775.0,5
3820,12.5,3.94,159,536425.0,4
3852,19.81,5.1,60,520162.5,21
3860,11.5,3.64,57,518051.1,4
3873,15.37,4.57,74,546882.5,5
3890,11.87,3.88,53,503100.0,4
3896,13.88,4.25,34,497037.0,4
3900,11.63,3.64,135,494960.1,4
3904,1.7,3.64,191,494500.0,4
3931,13.9,3.98,45,482675.0,6
3932,13.5,3.99,160,482675.0,4
3964,13.93,4.1,105,465752.35,4
3965,12.84,3.99,86,462465.0,4
3973,13.6,4.21,68,453581.7,4
3974,13.46,3.9,367,457208.25,5
3977,13.7,3.64,192,456875.0,4
3980,12.65,3.99,145,449720.7,4
3982,12.64,3.99,323,500583.51,4
3997,11.99,3.45,459,448723.275,4
3998,13.2,3.9,115,435375.0,4
4000,11.96,3.75,48,428857.0,4
4002,16.36,4.47,69,427927.5,16
4035,8.85,2.78,402,472570.0,5
4038,13.42,3.99,64,427312.5,7
4040,13.1,4.1,115,425700.0,4
4059,11.7,3.53,86,423120.0,4
4062,11.4,3.5,139,418175.0,4
4067,11.47,3.59,46,418175.0,4
4077,13.18,4.11,69,412912.5,13
4079,11.0,5.0,277,417100.0,7
4080,11.0,3.96,108,416025.0,5
4082,11.55,3.5,77,415132.75,4
4083,11.49,3.49,368,414283.5,4
4098,11.93,3.57,65,407425.0,4
4100,11.7,3.53,73,407004.675,5
4108,11.43,3.84,110,403125.0,5
4122,11.47,3.59,121,397642.5,4
4124,11.99,4.25,88,393205.384,4
4128,11.0,3.9,111,396675.0,4
4134,11.48,3.63,39,419425.0,4
4145,11.04,3.5,161,391912.75,3
4154,9.48,2.94,327,424214.0,5
4162,12.0,4.0,171,381625.0,4
4164,9.75,2.97,226,420736.764,4
4165,9.4,3.2,107,377566.875,4
4181,18.3,4.9,80,375712.5,17
4190,7.9,2.5,248,375175.0,5
4202,10.89,3.02,46,375175.0,5
4214,10.4,3.5,45,365500.0,5
4217,11.47,3.59,79,365457.0,4
4234,13.29,3.99,79,363439.225,5
4271,11.96,3.75,76,343085.6,4
4272,11.46,3.58,23,364766.25,4
4289,10.9,3.5,571,379155.0,4
4308,10.0,3.8,138,338431.5,5
4311,10.31,3.5,220,334649.65,3
4329,11.47,3.59,40,324417.8,4
4330,11.7,3.53,94,324394.15,5
4342,15.0,5.6,109,322392.5,4
4343,11.62,3.62,62,322392.5,5
4366,12.93,3.76,82,320350.0,17
4369,12.75,4.26,94,319658.775,4
4370,9.99,3.3,418,319398.625,4
4396,10.31,3.5,128,313362.5,4
4397,11.29,3.96,95,313362.5,4
4399,10.9,3.35,248,312986.25,4
4402,9.46,3.22,230,344976.1,4
4416,13.29,3.99,203,307864.69999999995,4
4417,10.56,3.32,249,343479.262,4
4426,9.0,2.6,111,310675.0,5
4429,10.5,3.32,53,310137.5,4
4433,7.65,2.59,145,308310.0,4
4434,13.69,4.11,45,304590.0,10
4435,10.7,3.1,370,306858.75,4
4443,14.34,4.01,62,300300.0,18
4468,10.53,3.32,106,300892.5,4
4472,10.56,3.27,31,299925.0,4
4477,9.8,3.19,309,299698.175,4
4478,9.63,3.32,97,299028.45,4
4479,10.25,3.5,227,298850.0,4
4483,10.7,3.4,75,329590.1,7
4486,10.98,3.8,32,297345.0,5
4487,10.03,3.23,132,296915.0,4
4489,9.46,3.24,252,296103.375,4
4494,11.37,3.8,44,295625.0,5
4503,10.5,3.32,132,295517.5,5
4507,11.4,3.5,178,294550.0,4
4511,10.7,3.1,220,292400.0,4
4512,8.13,2.59,183,322556.5,4
4541,11.0,2.99,285,316512.0,6
4542,11.47,3.62,45,285656.525,4
4543,10.36,2.55,156,284875.0,3
4579,15.0,5.6,76,279392.5,4
4585,11.37,3.54,77,277350.0,4
4590,8.85,2.62,286,305319.784,5
4592,11.7,3.75,58,275200.0,4
4595,11.95,3.6,41,275038.75,6
4606,10.44,3.32,75,274017.5,5
4609,13.29,3.99,129,270255.69999999995,4
4611,9.9,3.4,75,272372.75,4
4613,11.29,3.96,54,271760.0,4
4636,10.0,2.78,164,268642.5,5
4638,10.31,3.5,106,268579.075,4
4650,10.45,3.37,32,267675.0,4
4656,9.95,3.35,71,267675.0,4
4658,9.97,3.0,173,267460.0,4
4659,7.57,2.25,191,267352.5,3
4664,9.99,3.53,125,266600.0,6
4665,11.37,3.54,104,266406.5,4
4677,12.0,4.2,161,261870.0,6
4678,10.52,3.2,41,261225.0,4
4679,9.58,3.53,68,260956.25,5
4682,11.94,3.5,138,260150.0,4
4684,9.0,2.0,100,257257.0,4
4685,9.16,2.87,164,286629.091,5
4691,10.5,3.32,88,258024.725,4
4709,10.5,3.35,54,256925.0,4
4711,9.95,3.32,26,256925.0,4
4721,10.45,3.37,119,256817.5,4
4722,9.6,2.94,319,256237.0,3
4723,19.95,4.85,118,255850.0,4
4726,12.0,3.97,87,252625.0,8
4729,10.8,3.59,193,252625.0,5
4730,11.0,3.75,55,252625.0,5
4734,10.45,3.37,342,252625.0,4
4749,9.99,3.49,72,248159.626,4
4754,8.24,2.6,245,273651.0,5
4776,8.67,2.49,620,246148.125,5
4780,11.5,3.0,290,270354.0,7
4782,11.66,3.59,180,240654.7,4
4787,6.8,2.07,44,241875.0,7
4798,11.2,3.6,71,239863.675,5
4799,11.7,3.75,50,237022.5,13
4800,10.03,3.07,46,252240.0,4
4801,9.3,2.2,280,261616.95,5
4824,11.4,3.45,132,235425.0,4
4831,9.95,3.35,56,235425.0,4
4833,11.0,3.5,195,235425.0,4
4853,9.94,3.37,106,231125.0,4
4863,9.95,3.32,43,231017.5,4
4870,9.95,3.35,87,229942.5,4
4872,10.4,3.68,56,229620.0,4
4896,9.15,3.1,180,225750.0,4
4900,10.45,3.37,121,225642.5,4
4909,10.61,3.35,119,220375.0,4
4911,11.65,3.99,203,220267.5,6
4912,9.23,2.98,65,219192.5,4
4913,10.0,3.0,62,218688.325,4
4917,9.84,2.97,135,215554.7,4
4921,11.99,7.55,140,215000.0,4
4936,10.2,3.4,207,214892.5,4
4950,9.35,2.95,73,213925.0,5
4979,9.63,3.35,69,213777.725,5
4980,12.0,4.44,51,213387.5,4
4981,9.97,3.0,206,213387.5,4
4982,9.95,3.03,161,213387.5,4
4986,9.35,2.95,206,212850.0,4
5016,9.95,3.32,30,209625.0,4
5022,9.02,3.15,126,209625.0,4
5024,13.2,4.4,65,209625.0,4
5029,10.21,3.49,97,207012.75,4
5030,11.2,3.3,144,206400.0,4
5043,9.35,2.95,237,204250.0,5
5047,8.05,3.05,230,204250.0,4
5048,8.05,3.05,199,204250.0,4
5056,10.57,3.21,56,204142.5,4
5078,8.5,3.05,141,224196.0,4
5079,9.23,2.98,60,202637.5,4
5084,11.65,3.99,117,201562.5,6
5099,8.8,2.59,324,198456.825,4
5100,9.85,2.98,474,219250.5,4
5101,9.15,2.75,181,218535.051,5
5102,9.88,2.95,100,197047.5,5
5104,13.8,4.05,128,193050.0,25
5107,9.42,3.18,45,206187.5,5
5109,8.23,2.59,371,214305.0,4
5123,12.0,5.0,85,193285.0,4
5131,7.7,2.59,66,192962.5,4
5148,10.5,3.2,42,192425.0,4
5155,7.99,2.95,258,190371.75,4
5157,8.1,2.6,146,189861.125,3
5159,10.28,3.59,107,189092.5,6
5160,8.67,2.51,214,189036.6,4
5163,10.7,3.4,131,208700.1,7
5189,7.99,2.95,81,187695.0,4
5197,8.25,3.05,160,206590.02,4
5198,10.45,3.37,59,186577.0,4
5199,9.23,3.0,43,186464.125,4
5200,10.4,2.99,284,186319.0,4
5202,8.78,2.6,325,205310.784,3
5203,9.35,2.95,145,185652.5,5
5222,10.5,3.8,54,182642.5,4
5245,8.18,3.02,82,191372.5,4
5246,10.94,3.31,148,178163.69999999998,4
5251,11.2,3.3,134,178450.0,4
5253,10.2,3.4,115,178342.5,4
5254,11.98,5.0,75,178235.0,4
5257,8.9,2.84,111,177901.75,4
5277,11.16,3.49,173,177149.25,3
5278,9.98,3.35,130,177106.25,4
5281,9.22,3.0,39,187437.5,4
5285,9.14,3.02,78,185817.5,4
5288,11.16,3.49,136,175214.25,4
5291,8.0,2.54,69,173882.32499999998,4
5293,8.46,2.55,190,173075.0,6
5294,9.23,3.0,120,172709.5,4
5295,9.23,3.0,89,172618.125,4
5296,8.9,2.84,162,172193.5,5
5311,8.9,2.99,88,171892.5,4
5312,10.45,3.37,169,171892.5,4
5320,9.31,2.99,1710,171310.925,4
5321,9.9,3.4,86,170990.57499999998,4
5333,8.9,2.84,133,170912.1,5
5336,8.1,2.56,254,170226.25,4
5342,7.47,2.5,358,169518.9,4
5344,9.98,3.23,30,179230.0,4
5347,11.0,4.4,225,167700.0,4
5349,7.88,2.46,301,184896.859,5
5350,7.88,2.46,148,184896.859,5
5351,7.88,2.46,246,184632.0,5
5354,15.0,4.5,181,166625.0,4
5364,7.85,2.49,306,166242.3,5
5367,11.08,3.4,104,165972.475,4
5368,8.6,2.7,89,165711.25,4
5371,9.19,3.1,277,165550.0,4
5377,8.8,2.85,132,165163.0,4
5379,9.14,2.74,57,174937.5,7
5381,14.6,4.35,92,164313.75,4
5383,7.85,2.49,433,163684.875,4
5384,8.5,2.99,120,163615.0,4
5385,9.2,2.95,268,163437.625,4
5390,7.9,2.59,71,162862.5,4
5415,9.0,2.99,68,161250.0,4
5425,11.4,3.5,431,160294.32499999998,5
5426,10.57,3.21,76,160250.25,4
5453,7.24,2.59,53,159637.5,4
5472,8.4,3.0,89,158562.5,4
5473,9.95,3.35,65,158261.5,5
5478,8.3,2.59,145,157702.5,4
5480,7.9,2.5,79,156897.32499999998,4
5505,9.31,2.99,131,155767.5,5
5506,9.31,2.99,132,155767.5,5
5507,8.9,2.99,67,155767.5,4
5508,7.9,2.5,194,155567.55,4
5510,8.1,2.56,94,154692.5,3
5511,7.85,2.49,91,152387.69999999998,4
5512,9.23,3.0,87,152312.44999999998,4
5513,10.06,3.31,161,152112.5,6
5514,8.6,2.98,89,151921.15,4
5515,8.0,2.0,86,150007.0,4
5516,7.41,2.54,46,151080.5,4
5517,13.4,4.35,70,150989.125,4
5525,7.6,3.5,83,150500.0,6
5535,9.3,3.64,55,150500.0,4
5549,8.5,3.04,36,149425.0,7
5571,9.02,3.12,529,148887.5,4
5586,7.7,2.54,54,147167.5,4
5587,7.89,2.59,110,146802.0,4
5588,7.4,2.6,142,161844.235,3
5590,8.4,2.5,200,160344.1,7
5591,8.0,2.5,134,145390.525,3
5595,14.95,3.9,99,145125.0,13
5603,9.4,2.95,131,145125.0,4
5607,8.15,2.6,216,145125.0,4
5610,9.12,2.99,54,145125.0,4
5622,8.28,2.55,140,145017.5,3
5624,11.98,5.0,43,144587.5,4
5625,9.98,3.32,56,144520.85,4
5627,9.29,2.99,328,159355.0,5
5628,8.9,2.99,422,159355.0,3
5629,10.06,3.31,147,142867.5,6
5632,8.18,2.49,341,141900.0,4
5633,8.91,2.89,59,141900.0,4
5635,7.0,2.0,29,140426.0,4
5636,9.12,3.02,98,149937.5,5
5639,8.6,2.98,36,140825.0,4
5644,8.8,2.8,187,153750.1,7
5660,8.26,2.95,46,139748.925,4
5663,7.89,2.59,87,139459.75,5
5673,8.5,3.8,86,138675.0,4
5691,9.15,2.98,177,138647.05,5
5705,7.4,2.5,193,151006.99599999998,3
5708,8.5,2.94,40,136525.0,5
5717,7.89,2.54,191,134375.0,4
5724,8.23,2.99,59,134375.0,5
5740,12.0,4.3,49,134375.0,4
5744,9.58,2.99,148,147958.37,4
5747,7.48,2.56,166,147815.5,4
5749,7.99,2.95,71,133730.0,5
5750,7.97,2.56,229,147771.54,5
5751,7.59,2.5,110,147558.334,4
5754,6.67,2.49,81,133300.0,4
5756,8.42,2.64,185,132728.1,3
5758,7.6,2.5,109,131902.5,5
5759,7.48,2.56,140,145617.5,4
5760,7.48,2.54,179,145606.51,5
5761,7.5,2.6,163,145576.837,4
5765,7.89,2.55,75,131042.5,4
5766,7.85,2.49,101,131042.5,5
5770,10.5,3.35,79,130483.5,4
5783,9.0,2.97,35,129000.0,5
5793,8.6,2.98,44,129000.0,5
5803,8.26,2.98,84,128892.5,4
5805,9.1,2.98,64,128677.5,5
5806,8.81,2.96,91,128570.0,4
5807,14.4,4.35,62,128570.0,4
5831,7.48,2.56,277,127925.0,4
5840,7.73,2.55,66,127387.5,4
5841,9.9,3.0,235,127304.725,4
5842,9.0,2.0,73,127303.65,4
5845,8.1,2.56,25,127280.0,4
5854,8.8,2.99,38,126613.5,4
5857,7.0,2.5,785,138364.1,5
5861,7.4,2.5,138,124029.2,4
5862,7.4,2.6,168,136952.984,3
5893,7.85,2.49,328,123311.1,5
5897,8.15,2.55,111,122496.25,4
5899,9.6,2.48,81,122442.5,4
5901,7.85,2.49,129,127387.5,4
5902,8.0,2.0,63,120549.0,5
5904,7.9,2.59,77,121475.0,4
5908,8.9,2.99,284,120754.75,4
5909,8.08,3.12,429,120744.0,4
5910,7.42,2.5,239,133142.751,4
5914,8.7,2.7,433,118250.0,5
5952,7.7,2.8,218,130011.7,4
5953,12.0,4.2,168,117282.5,4
5954,7.64,2.74,112,117261.0,4
5965,9.0,2.97,39,117175.0,4
5970,12.2,4.34,113,117175.0,4
5981,8.15,2.55,192,114917.5,3
5982,9.12,2.98,106,114863.75,4
5986,7.98,2.0,86,114153.175,4
6007,10.6,3.0,184,112855.65,4
6008,7.4,2.5,98,112628.825,3
6009,7.42,2.5,136,124291.405,4
6010,7.4,2.5,98,112384.8,3
6011,9.0,2.97,69,112122.5,5
6017,8.7,2.7,146,111496.85,4
6018,8.74,2.59,78,110983.0,5
6019,9.12,2.99,106,110434.75,3
6020,9.12,2.98,89,109660.75,4
6021,9.0,2.97,55,109650.0,4
6023,6.71,2.5,292,120890.0,3
6027,8.1,2.59,68,109112.5,5
6028,9.0,2.95,81,108896.425,4
6037,9.6,4.4,122,107500.0,4
6042,8.05,2.99,47,107498.925,4
6046,8.74,2.8,181,107489.25,5
6052,7.6,2.5,104,107392.5,4
6056,11.49,4.36,103,107177.5,4
6060,8.44,2.87,108,106962.5,4
6067,10.6,3.0,328,106951.75,4
6092,8.5,2.89,36,106425.0,5
6110,6.7,2.25,132,117593.0,4
6112,9.0,2.94,91,106296.0,5
6113,7.3,2.6,196,117475.407,3
6127,9.0,2.97,56,105350.0,6
6143,8.06,3.0,77,105081.25,4
6147,7.31,2.69,81,103468.75,5
6151,7.7,3.12,80,103200.0,4
6155,8.15,2.55,64,103198.925,4
6158,9.0,2.97,56,103059.175,6
6159,8.23,2.99,118,102974.25,4
6160,7.15,2.54,103,102770.0,3
6191,6.0,2.77,103,102125.0,5
6200,7.1,2.55,53,100942.5,4
6201,7.19,2.55,159,111018.782,5
6202,6.95,2.55,232,100317.925,5
6204,8.03,2.78,54,99994.35,5
6209,7.0,2.95,54,99514.9,4
6210,8.81,2.96,122,99514.9,4
6211,8.06,3.0,268,109954.95,4
6215,9.0,2.0,82,99423.525,4
6216,7.6,2.6,107,109790.1,7
6217,7.37,2.54,241,99337.525,6
6218,10.52,3.2,117,99191.325,4
6219,7.48,2.55,246,99050.5,4
6227,8.91,2.98,223,98898.925,4
6228,8.03,2.78,72,98882.8,5
6329,7.25,2.57,88,94492.5,4
6333,7.99,2.54,361,94368.875,4
6334,6.8,2.35,110,94277.5,5
6340,6.8,2.5,43,93986.175,4
6341,6.4,2.4,135,103514.81,4
6358,8.5,1.9,112,92450.0,5
6360,6.8,2.5,128,92409.15,3
6363,8.7,2.7,210,92073.75,4
6364,7.3,2.55,116,92052.25,5
6366,7.37,2.44,52,97437.5,4
6399,7.13,2.53,61,91375.0,4
6415,8.03,2.78,95,90300.0,5
6418,7.35,2.3,147,98800.1,5
6419,7.6,2.48,77,89751.75,4
6433,7.9,2.8,138,98541.835,5
6435,6.98,2.45,99,89093.84999999999,4
6439,7.0,2.0,50,86944.0,5
6440,7.9,2.79,24,92993.75,4
6446,8.1,2.5,68,87075.0,4
6447,9.8,2.98,97,86967.5,4
6449,6.45,2.46,146,86909.45,4
6453,7.8,2.42,329,95613.0,4
6454,7.0,2.0,53,85514.0,4
6477,7.47,2.59,67,85946.25,5
6478,7.8,2.45,144,85935.5,4
6486,7.14,2.72,54,85892.5,6
6487,8.03,2.78,19,85892.5,5
6492,5.7,2.4,100,85892.5,4
6511,6.96,2.5,147,93876.58,4
6553,8.88,2.99,45,84923.925,4
6560,6.98,2.79,42,83850.0,4
6569,6.5,2.55,337,92392.93,5
6570,7.92,2.77,30,88455.0,4
6572,6.96,2.5,269,83341.525,5
6583,8.1,2.53,34,82425.625,4
6584,7.8,2.74,91,87375.0,5
6586,6.0,2.0,34,81367.0,4
6595,8.1,2.5,59,81485.0,5
6596,6.4,2.54,303,89939.962,3
6597,8.1,2.5,70,81352.775,5
6598,6.28,2.46,107,81323.75,5
6599,7.17,2.8,39,81162.5,4
6600,7.2,2.29,162,81151.75,5
6601,8.9,2.99,54,81104.45,4
6602,7.92,2.77,37,85960.0,4
6604,7.0,2.0,34,80947.5,4
6625,6.02,2.44,53,80625.0,6
6628,8.1,2.5,48,80625.0,4
6630,7.19,2.52,31,80625.0,4
6634,7.43,2.81,61,80625.0,4
6637,7.88,2.55,45,80622.84999999999,4
6638,12.0,4.0,88,80614.25,5
6643,8.1,2.5,40,80517.5,4
6647,8.23,2.79,39,80517.5,4
6653,8.1,2.5,48,80302.5,4
6655,8.48,2.75,188,80173.5,4
6656,7.62,2.51,39,84937.5,5
6657,9.8,2.98,203,80087.5,4
6673,8.3,2.55,140,79539.25,4
6681,6.91,2.48,238,87370.5,6
6684,7.34,2.44,46,83687.5,4
6688,9.0,2.95,57,78475.0,5
6700,7.12,2.79,93,77615.0,4
6703,6.82,2.51,280,77453.75,6
6704,6.0,2.0,76,76648.0,5
6707,6.8,2.54,303,77400.0,5
6710,7.13,2.5,26,77400.0,5
6711,6.24,2.44,67,77400.0,5
6720,6.74,2.46,65,77292.5,4
6721,6.71,2.54,42,77292.5,4
6722,7.15,2.54,168,77292.5,3
6723,7.37,2.52,71,77219.4,4
6724,7.98,2.54,143,84403.2,4
6728,6.95,2.48,191,83930.63,5
6729,7.88,2.55,299,83787.76,4
6732,6.91,2.64,36,79993.75,7
6733,6.2,2.6,254,83338.269,3
6759,7.9,2.9,81,75248.925,6
6760,6.6,2.5,67,75248.925,5
6761,6.6,2.1,111,75244.625,4
6763,8.23,2.79,79,75239.25,4
6767,8.23,2.79,81,75196.25,4
6769,6.02,2.52,192,75142.5,6
6772,7.1,2.57,262,75142.5,5
6777,7.1,2.57,152,75142.5,5
6779,9.0,2.78,136,75142.5,6
6781,8.1,2.5,20,75142.5,5
6783,7.19,2.52,58,75142.5,4
6788,6.0,2.0,98,74074.0,4
6789,7.13,2.53,75,74820.0,4
6790,6.2,2.6,237,82581.058,3
6799,7.4,2.85,81,74712.5,4
6808,8.02,2.6,213,74669.5,4
6849,6.55,2.54,99,73433.25,5
6850,6.91,2.57,21,77715.0,4
6869,8.1,2.0,76,73081.72499999999,4
6870,6.06,2.36,290,80117.09999999999,4
6871,6.71,2.54,161,72992.5,4
6872,7.09,2.5,124,72992.5,4
6874,6.0,2.0,98,72025.0,5
6880,7.1,2.53,162,72014.25,4
6883,7.42,2.54,29,71917.5,4
6884,7.48,2.5,23,71917.5,4
6888,7.48,2.5,31,71810.0,4
6890,7.23,2.55,381,79128.0,4
6892,7.15,2.45,176,79128.0,4
6894,8.2,2.53,39,71584.25,4
6896,9.26,3.0,164,71487.5,5
6897,6.9,2.5,71,71487.5,5
6900,8.0,2.43,133,71272.5,4
6901,7.88,2.55,109,71218.75,4
6904,6.0,2.0,144,69927.0,4
6905,6.41,2.48,22,70627.5,4
6906,6.2,2.24,94,70594.175,6
6908,8.23,2.76,46,70412.5,4
6909,8.17,2.53,86,70412.5,4
6912,7.37,3.52,30,70116.875,4
6913,6.55,2.59,308,77479.5,4
6964,7.19,2.59,137,69832.0,5
6965,7.19,2.59,56,69832.0,8
6968,6.71,2.54,99,69767.5,4
6975,8.25,2.59,190,77091.553,4
6976,8.48,2.7,259,69744.925,4
6980,7.0,2.0,126,68926.0,4
6983,6.48,2.46,114,76846.476,4
6984,6.9,2.6,157,76820.09999999999,5
6985,6.9,2.6,133,76820.09999999999,5
6986,7.8,2.73,177,76820.09999999999,5
6988,7.12,2.44,126,69443.925,4
6989,7.26,2.48,101,69420.275,4
6990,7.9,2.9,54,69379.425,5
6993,7.9,2.74,81,72990.0,7
7004,6.48,2.5,82,68789.25,5
7005,6.55,2.6,35,68746.25,4
7006,6.23,2.4,95,68692.5,4
7007,6.82,2.45,274,75874.95999999999,4
7014,5.94,2.54,118,68461.375,4
7016,6.5,2.55,122,68294.75,5
7018,6.48,2.53,49,68262.5,5
7019,7.67,2.44,48,68261.425,4
7020,7.42,2.79,20,72273.75,4
7031,6.82,2.45,137,67617.5,4
7032,7.69,2.59,36,67617.5,4
7033,6.86,2.48,36,67617.5,4
7037,6.41,2.48,18,67510.0,4
7039,6.0,2.0,66,66781.0,4
7040,7.45,2.54,286,67364.875,4
7043,8.1,2.53,42,67187.5,5
7046,8.5,2.8,190,74246.242,4
7048,7.37,2.52,32,67080.0,4
7049,7.48,2.53,219,66829.525,5
7050,7.5,2.55,244,66112.5,4
7051,6.55,2.54,73,66112.5,4
7053,5.79,2.41,192,72986.788,4
7054,8.6,2.98,39,65753.45,4
7055,6.8,2.54,190,65690.025,5
7059,7.88,2.55,93,65573.925,4
7060,6.75,2.5,63,65467.5,5
7062,6.84,2.4,57,65338.5,4
7063,6.1,2.5,69,65309.475,3
7064,8.1,2.5,43,65252.5,5
7065,7.0,2.0,54,64492.99999999999,4
7066,6.82,2.45,198,65123.5,4
7072,9.0,2.9,188,64206.99999999999,23
7074,7.8,2.74,41,68743.75,6
7087,8.2,2.5,120,64500.0,4
7097,5.7,2.4,42,64489.25,5
7098,7.48,2.5,89,64489.25,4
7100,6.71,2.54,341,64460.225,5
7101,6.6,2.1,150,64446.25,4
7110,5.94,2.29,132,64392.5,4
7112,6.84,2.4,66,64392.5,4
7117,7.37,2.54,33,68243.75,4
7118,6.99,2.56,51,64338.75,4
7119,6.55,2.54,79,64177.5,4
7120,6.4,2.6,133,70885.5,6
7121,6.2,2.4,60,70841.54,4
7149,6.6,2.5,121,63425.0,5
7162,7.5,2.53,24,63425.0,4
7169,7.93,2.8,80,63382.0,4
7170,6.13,2.45,29,63360.5,4
7171,7.48,2.5,74,63317.5,5
7173,6.48,2.5,45,63317.5,5
7175,5.94,2.29,68,63317.5,4
7176,6.23,2.4,66,63263.75,4
7177,7.7,3.1,105,63210.0,4
7178,8.1,3.1,89,63210.0,4
7179,7.43,2.81,115,63134.75,4
7180,6.0,2.0,64,63133.675,5
7181,8.0,2.64,109,63102.5,4
7182,6.0,2.0,101,62347.99999999999,4
7183,6.49,2.49,171,69555.70999999999,4
7184,6.5,2.5,96,69542.522,4
7186,7.48,2.5,44,62887.5,4
7187,7.64,2.73,103,62887.5,5
7190,6.84,2.44,70,62887.5,4
7191,7.26,2.48,143,62790.75,4
7192,7.37,2.52,88,62746.675,4
7193,7.26,2.74,66,66243.75,6
7204,7.75,2.55,177,62296.25,4
7205,7.0,2.5,21,62258.625,4
7207,8.1,2.5,55,62242.5,5
7213,7.52,2.28,186,61812.5,6
7220,6.19,2.48,198,68138.0,4
7225,8.88,2.99,75,61273.925,4
7227,6.0,2.0,37,60631.99999999999,4
7228,6.31,2.52,38,61167.5,4
7229,6.9,2.48,70,61167.5,4
7231,7.98,2.95,63,61060.0,4
7232,7.15,2.5,70,60898.75,9
7233,2.48,6.4,209,67258.8,4
7234,7.13,2.53,45,60737.5,5
7235,5.94,2.54,116,60737.5,4
7236,6.0,2.5,285,67125.821,3
7237,7.84,2.55,52,60490.25,4
7238,6.99,2.55,256,66643.36,4
7239,9.12,2.98,62,60252.675,4
7244,6.86,2.25,562,65940.0,15
7247,6.55,2.54,69,60092.5,4
7249,6.41,2.48,27,60092.5,4
7252,6.99,2.44,90,65830.1,11
7254,6.4,2.6,68,60009.725,4
7256,5.97,2.54,88,59721.625,4
7264,6.3,2.34,126,65830.1,4
7265,6.0,2.44,110,59555.0,4
7266,6.05,2.22,149,65819.11,4
7267,6.55,2.59,45,63125.0,5
7268,6.77,2.54,109,59436.75,4
7269,6.82,2.45,171,65434.46,4
7270,6.35,2.43,187,65390.5,4
7293,6.86,2.48,82,59125.0,4
7294,6.86,2.48,31,59125.0,4
7307,6.55,2.54,67,59071.25,6
7311,5.59,2.44,24,59017.5,5
7314,6.58,2.49,32,59017.5,4
7317,6.68,2.51,41,62437.5,5
7322,7.12,2.44,77,58801.425,4
7323,6.55,2.54,90,58738.0,4
7324,6.0,2.39,190,58731.55,5
7325,6.23,2.44,83,58673.5,4
7330,7.55,2.47,117,58630.5,4
7339,6.1,2.4,119,58050.0,5
7347,6.99,2.55,63,58048.925,4
7349,6.8,2.35,118,57942.5,5
7350,6.05,2.22,97,57942.5,4
7351,8.23,2.76,89,57942.5,4
7352,6.31,2.48,29,57942.5,4
7353,6.41,2.48,30,57942.5,5
7354,6.41,2.45,15,57942.5,4
7355,6.41,2.48,39,57942.5,4
7356,6.31,2.52,104,57942.5,4
7358,6.82,2.45,296,63950.81,4
7360,8.05,3.0,75,57833.925,4
7362,6.0,2.5,131,57785.55,3
7368,6.84,2.44,217,56973.925,4
7369,6.55,2.54,85,56973.925,4
7370,8.1,2.53,59,56941.675,5
7371,8.1,2.53,76,56941.675,5
7373,7.48,2.5,42,56867.5,4
7374,5.94,2.54,52,56867.5,4
7377,6.02,2.34,96,56749.25,4
7378,7.48,2.5,45,56652.5,4
7381,6.23,2.52,22,56545.0,6
7388,6.1,2.25,195,56118.225,5
7389,7.39,2.57,60,59325.0,4
7390,6.55,2.54,56,55898.925,5
7394,6.86,2.52,31,55792.5,4
7395,5.64,2.16,196,61434.1,4
7396,6.41,2.48,24,55532.35,4
7398,6.86,2.48,35,55362.5,4
7399,6.4,2.46,155,55362.5,4
7403,6.39,2.29,129,55136.75,4
7406,6.45,2.45,164,55013.125,4
7407,7.46,2.55,166,54841.125,6
7408,5.94,2.54,106,54825.0,5
7410,6.55,2.48,113,54717.5,4
7415,6.48,2.5,70,60335.1,5
7416,6.6,2.49,130,60335.1,5
7450,7.2,2.5,107,59335.01,4
7452,7.15,2.5,49,53642.5,9
7463,6.41,2.45,66,53642.5,4
7465,7.5,2.53,44,53642.5,5
7468,6.55,2.54,129,53642.5,4
7469,5.6,2.2,62,53642.5,4
7471,6.05,2.2,49,53642.5,4
7476,5.94,2.54,139,53642.5,3
7479,7.96,2.98,98,53320.0,5
7480,7.23,2.55,67,53277.0,4
7481,6.5,2.4,40,53243.675,4
7494,8.34,2.63,26,53212.5,5
7512,6.71,2.54,67,52879.25,4
7514,6.23,2.4,272,58312.94,4
7515,6.8,2.49,256,58247.0,4
7523,7.4,2.45,164,52675.0,4
7543,6.2,2.54,143,58137.1,5
7544,6.05,2.38,194,58137.1,4
7545,6.0,2.0,98,52051.99999999999,4
7546,6.17,2.54,78,52589.0,6
7548,6.66,2.55,68,52567.5,4
7549,5.94,2.54,109,52567.5,4
7550,6.55,2.54,130,52567.5,5
7551,6.0,2.0,61,51622.99999999999,4
7553,6.45,2.55,39,52137.5,5
7559,6.81,2.36,144,57411.76,4
7561,5.0,2.0,43,51336.99999999999,4
7563,6.43,2.52,56,51668.8,5
7564,6.08,2.35,195,57038.1,6
7567,5.99,2.21,42,51598.925,5
7568,6.2,2.4,140,57016.12,4
7569,5.52,2.4,111,51589.25,4
7570,6.29,2.36,151,51546.25,4
7571,5.94,2.54,60,51492.5,5
7572,6.1,2.34,43,51492.5,4
7573,5.94,2.29,52,51492.5,4
7576,5.76,2.3,233,56675.43,4
7577,6.12,2.4,127,51084.0,4
7588,6.05,2.22,70,50936.725,5
7589,6.05,2.22,146,50936.725,5
7590,5.0,2.0,62,49906.99999999999,4
7591,6.4,5.45,119,50417.5,5
7592,5.94,2.54,97,50417.5,4
7593,6.5,2.4,80,50417.5,4
7596,6.48,2.48,210,55651.162,5
7597,6.58,2.46,42,53375.0,4
7600,8.1,2.7,281,50310.0,4
7601,5.99,2.21,215,55378.61,4
7602,5.99,2.21,247,55378.61,4
7606,7.48,2.95,111,49987.5,4
7607,6.2,2.34,37,49987.5,4
7608,6.99,2.5,109,55228.047,5
7610,5.9,2.5,74,49887.525,4
7611,6.2,2.4,222,55103.86,4
7612,6.0,2.0,77,49334.99999999999,5
7613,7.1,2.45,162,49729.5,4
7616,5.7,2.05,267,54944.505,4
7617,6.48,2.5,158,54939.01,5
7621,7.23,2.55,51,49448.925,4
7622,6.6,2.53,223,49439.25,4
7623,5.7,2.5,62,49439.25,4
7624,6.1,2.34,38,49342.5,4
7625,6.0,2.34,51,49342.5,4
7632,6.4,2.3,112,54400.5,5
7633,6.4,2.05,51,54400.5,5
7634,6.55,2.54,173,54279.61,4
7635,5.95,2.3,859,48969.475,5
7637,5.99,2.21,79,48912.5,5
7638,6.4,2.59,31,48912.5,9
7639,6.38,2.44,43,51793.75,4
7689,7.88,2.55,316,48373.925,4
7690,6.4,2.46,164,48373.925,4
7691,5.99,2.21,105,48373.925,5
7699,7.23,2.55,34,48321.25,4
7700,6.8,2.49,130,48267.5,9
7703,7.15,2.5,76,48267.5,5
7708,6.1,2.4,117,47837.5,6
7709,5.94,2.4,41,47837.5,4
7715,6.02,2.34,110,47836.425,4
7716,6.05,2.2,180,47826.75,4
7717,6.9,2.59,181,52817.94,6
7720,6.74,2.46,274,52642.1,4
7721,5.94,2.54,44,47611.75,5
7722,5.94,2.54,43,47611.75,5
7723,6.5,2.38,176,52202.5,4
7724,6.0,2.0,46,47046.99999999999,4
7725,6.2,2.5,117,47515.0,4
7727,6.8,2.5,70,47434.375,5
7733,6.2,2.34,39,47192.5,4
7737,7.0,2.0,152,47133.375,5
7742,6.48,2.53,61,46966.75,4
7743,7.36,2.55,84,46948.475,4
7745,6.98,2.34,46,46762.5,5
7747,6.0,2.0,71,46188.99999999999,4
7748,5.33,2.23,87,46619.525,4
7751,5.65,2.35,169,51367.26,4
7752,6.05,2.3,123,46440.0,4
7753,5.75,2.54,150,51323.3,5
7754,6.3,2.35,250,51255.162,4
7755,6.39,2.29,81,46375.5,5
7756,5.4,2.2,226,51225.489,6
7757,7.34,2.72,128,46311.0,4
7759,6.58,2.46,38,49000.0,4
7762,5.7,2.26,115,46203.5,4
7765,6.1,2.34,85,46171.25,4
7767,5.65,2.26,50,46117.5,4
7770,5.65,2.3,127,46117.5,4
7771,6.48,2.46,54,46010.0,4
7772,7.13,2.46,222,50650.712,4
7773,6.9,2.72,56,45795.0,4
7782,7.67,2.44,49,45687.5,4
7784,6.1,2.52,41,45199.45,6
7812,6.74,2.55,112,45148.925,4
7819,6.2,2.45,152,49345.1,5
7822,6.98,2.78,38,44612.5,4
7823,6.5,2.4,64,44612.5,6
7825,6.02,2.34,99,44612.5,4
7826,5.94,2.29,121,44612.5,4
7830,5.52,2.4,45,44577.025,4
7831,6.45,2.45,101,44499.625,6
7832,5.75,2.4,99,48982.43,4
7838,6.5,2.43,35,44075.0,4
7842,6.5,2.43,94,44075.0,4
7843,5.94,2.54,80,44075.0,4
7844,5.0,2.0,52,42757.0,4
7858,6.86,2.48,27,43000.0,5
7874,6.55,2.54,99,42998.925,4
7875,7.65,2.55,251,42892.5,6
7881,6.5,2.4,78,42892.5,6
7888,6.1,2.34,79,42892.5,4
7889,5.79,2.46,43,42892.5,5
7890,6.04,2.26,26,42892.5,4
7893,5.96,2.26,46,42892.5,4
7895,6.04,2.26,61,42892.5,4
7896,5.56,2.23,40,42892.5,4
7897,6.19,2.46,99,42892.5,4
7899,5.64,2.45,61,42892.5,4
7902,6.0,2.55,171,42892.5,7
7907,6.42,2.27,40,42462.5,5
7913,4.51,1.75,46,42462.5,5
7921,6.53,2.18,97,42462.5,4
7928,6.6,2.45,83,42344.25,4
7930,7.93,2.8,69,42087.325,4
7932,6.0,2.0,63,41925.0,6
7954,6.74,2.55,68,41923.925,4
7957,6.45,2.45,32,41817.5,11
7960,6.39,2.29,137,41591.75,6
7961,6.04,2.26,24,41540.15,4
7962,6.58,2.72,137,41538.0,4
7967,6.9,2.6,115,41333.75,5
7968,6.66,2.55,60,41215.5,4
7969,6.38,2.44,80,43687.5,5
7970,5.75,2.4,119,45489.808,4
7972,6.0,2.0,64,41145.625,5
7973,4.8,2.2,175,45376.611,4
7974,6.9,2.5,91,40895.15,4
7975,6.04,2.26,22,40875.8,4
7988,6.4,2.45,229,40839.25,4
7992,6.4,2.45,84,40742.5,4
7994,5.96,2.26,71,40742.5,4
7996,6.04,2.26,81,40742.5,4
7997,6.3,2.5,156,40613.5,4
7998,6.19,2.46,1272,40446.875,4
7999,7.15,2.45,275,44586.43,4
8003,5.56,2.23,69,40312.5,4
8004,7.12,2.44,93,40312.5,4
8014,6.23,2.4,106,39773.925,4
8021,6.55,2.5,258,43850.1,4
8022,6.9,2.55,90,39667.5,8
8026,5.71,2.05,96,39667.5,5
8027,5.75,2.36,130,43784.16,4
8031,5.0,2.0,53,38896.0,4
8032,6.05,2.21,324,43410.5,4
8036,5.5,2.29,29,39226.75,5
8041,6.4,2.45,29,38700.0,4
8049,5.18,2.36,54,38689.25,5
8052,5.27,2.38,28,38633.35,5
8053,6.1,2.37,139,38592.5,7
8057,5.95,2.4,64,38592.5,4
8060,6.02,2.34,36,38485.0,4
8061,6.04,2.26,110,38485.0,4
8065,5.0,2.0,38,37323.0,4
8067,6.31,2.32,210,37646.5,4
8090,6.87,2.77,91,37625.0,4
8115,5.46,2.36,30,37614.25,5
8119,5.5,2.15,49,37560.5,5
8120,7.05,2.3,116,37517.5,6
8122,5.48,2.36,78,37517.5,4
8126,5.75,2.44,214,41311.41,4
8129,8.05,3.0,73,37098.25,4
8130,8.3,2.55,124,37087.5,5
8136,7.2,2.3,86,37087.5,12
8142,5.75,2.54,153,37086.425,4
8143,5.75,2.36,125,40772.9,4
8145,5.7,2.15,139,40663.0,5
8148,6.6,2.1,147,40553.1,4
8150,6.6,2.5,73,36603.75,6
8157,6.3,2.68,138,36378.0,4
8158,6.3,2.35,147,36297.375,4
8159,5.73,2.29,179,40003.6,4
8163,6.81,2.3,46,36012.5,4
8167,6.55,2.54,84,35832.975,6
8172,5.55,2.29,160,39322.22,4
8173,5.96,2.26,118,35501.875,4
8174,7.2,2.5,207,35491.125,4
8180,5.5,2.22,114,35475.0,4
8181,5.6,2.27,77,35464.25,4
8182,5.55,2.29,34,35421.25,5
8183,5.65,2.2,57,35367.5,4
8189,7.0,2.48,166,39014.5,4
8191,5.6,1.7,522,38904.6,4
8196,5.26,2.34,45,35053.6,6
8198,6.05,2.49,167,38421.04,4
8200,5.9,2.48,146,34937.5,9
8202,6.9,2.6,50,34937.5,5
8204,5.52,2.4,79,34926.75,4
8208,6.05,2.2,151,38454.01,4
8210,5.68,2.54,110,38355.1,5
8211,5.6,2.25,279,38245.2,6
8212,4.93,2.22,202,34518.25,4
8213,6.5,2.16,241,34517.175,4
8214,5.64,2.45,49,34464.5,5
8228,8.0,3.5,52,34400.0,7
8232,5.6,2.23,228,34061.375,4
8234,5.15,2.08,196,37530.85,5
8235,5.0,2.0,121,33605.0,5
8236,6.5,2.42,126,33862.5,4
8237,6.5,2.42,80,33862.5,4
8238,5.46,2.39,45,35862.5,4
8239,5.55,2.29,129,37366.0,4
8241,6.5,2.48,154,37366.0,4
8242,6.97,2.81,125,33776.5,5
8243,6.15,2.29,89,33755.0,4
8244,5.33,2.17,96,33753.925,4
8247,7.04,2.51,81,33432.5,7
8248,5.3,2.2,120,36926.4,4
8249,7.74,2.52,59,33388.425,4
8254,6.12,2.4,114,33323.925,4
8255,5.47,2.29,89,33217.5,5
8257,7.23,2.55,176,32786.425,4
8258,6.3,2.1,172,36157.1,4
8259,6.3,2.35,123,32631.625,4
8260,5.3,2.3,245,36047.2,4
8265,6.22,2.44,34,34368.75,6
8266,5.0,2.0,54,32032.0,4
8267,5.3,2.2,183,35497.7,5
8286,8.77,2.66,68,32244.625,7
8289,5.46,2.1,86,32239.25,4
8294,6.45,2.45,152,32142.5,9
8295,5.65,2.35,158,32142.5,4
8304,4.93,2.18,121,32142.5,4
8310,6.19,2.46,145,32142.5,4
8314,5.9,2.5,132,31712.5,4
8315,6.3,2.45,68,31712.5,5
8321,5.28,2.28,51,31712.5,5
8324,6.1,2.4,181,31712.5,4
8339,6.0,2.0,76,31245.5,4
8340,6.12,2.4,183,34651.47,4
8341,6.4,2.48,62,31341.625,4
8343,6.7,2.55,203,31175.0,5
8344,5.1,2.15,40,31175.0,5
8363,5.6,2.27,54,31164.25,4
8366,6.5,2.55,350,31067.5,5
8367,6.55,1.79,94,31067.5,5
8374,6.4,2.48,58,30519.25,6
8375,5.23,2.17,189,33728.31,4
8376,5.0,2.0,116,30030.0,4
8378,6.18,2.44,59,30100.0,5
8391,7.02,2.42,132,30100.0,4
8401,5.95,2.4,60,30050.55,4
8402,6.4,2.45,218,29883.925,4
8403,5.66,2.17,139,29868.875,4
8407,7.23,2.55,101,29776.425,4
8409,5.3,2.14,167,32860.1,4
8410,4.6,2.0,91,32860.1,4
8411,6.05,2.25,47,29729.125,5
8416,8.05,2.5,209,29562.5,4
8419,6.1,2.3,71,29562.5,4
8423,5.5,2.29,272,29561.425,4
8426,6.5,2.55,124,29551.75,5
8427,6.0,2.25,265,32640.3,5
8444,5.26,2.36,58,29023.925,5
8445,6.45,2.45,109,29003.5,9
8446,5.9,2.48,129,28917.5,9
8447,6.45,2.45,46,28917.5,9
8448,5.3,2.3,47,28917.5,6
8449,6.1,2.37,156,28917.5,6
8450,5.33,2.17,66,28917.5,4
8451,6.02,2.34,87,28917.5,4
8456,4.9,1.98,141,28917.5,4
8463,6.84,2.5,146,28487.5,4
8466,6.02,2.34,128,28487.5,4
8467,6.2,2.34,102,28380.0,4
8470,5.0,2.0,99,27885.0,4
8483,5.55,2.29,105,27948.925,5
8484,5.33,2.17,207,27948.925,4
8486,5.02,2.12,33,27939.25,5
8487,5.02,2.12,35,27896.25,5
8489,6.4,2.52,106,27606.0,5
8492,4.85,1.95,143,30420.32,4
8493,6.2,2.44,97,27509.25,4
8494,6.08,2.35,154,27412.5,5
8499,6.15,2.3,261,27294.25,5
8500,4.0,2.0,104,26884.0,4
8501,5.9,2.5,91,29881.81,5
8507,5.9,2.5,127,26875.0,4
8530,6.55,2.54,113,26873.925,4
8531,6.74,2.55,146,26873.925,4
8532,6.5,2.4,160,26873.925,4
8535,6.77,2.48,62,26864.25,4
8539,6.28,2.24,1430,29453.2,4
8550,6.06,2.2,192,26391.25,7
8551,6.1,2.4,83,26391.25,4
8552,5.7,2.15,189,29123.5,4
8560,5.5,2.29,92,26337.5,4
8568,5.41,2.12,46,26230.0,4
8569,6.0,1.9,153,28574.0,9
8576,5.75,2.26,203,25789.25,4
8579,4.85,1.95,221,28486.08,4
8580,5.6,2.05,111,28486.08,4
8581,4.85,1.95,152,28486.08,4
8585,5.8,2.25,84,25746.25,4
8587,5.0,2.0,59,25454.0,5
8588,5.5,2.24,106,25692.5,5
8591,5.2,1.9,82,25692.5,4
8594,5.0,2.0,68,25311.0,4
8595,5.45,2.16,352,28246.498,4
8596,6.28,2.24,260,28244.3,4
8597,7.5,2.5,127,25531.25,4
8604,5.06,2.13,199,27365.1,4
8613,5.0,2.0,59,24453.0,4
8615,7.5,2.5,111,24671.25,4
8625,5.6,2.35,89,24617.5,5
8630,4.44,2.12,68,24187.5,4
8631,8.5,2.74,110,24187.5,4
8635,5.5,2.29,152,24186.425,4
8636,5.0,2.0,57,23881.0,4
8637,5.5,1.65,259,26441.94,6
8638,6.13,2.45,169,23865.0,4
8639,5.27,2.38,122,23851.025,5
8640,5.0,2.0,88,23595.0,4
8643,5.7,2.38,244,26156.2,4
8649,5.9,2.5,127,23596.25,5
8650,4.51,1.75,31,23596.25,5
8654,5.0,2.0,163,23166.0,4
8656,7.2,2.5,210,23381.25,4
8659,5.07,2.12,262,25782.54,4
8660,8.8,3.0,232,23327.5,4
8661,6.22,2.49,146,23327.5,4
8662,6.74,2.55,111,23326.425,4
8663,4.54,1.85,200,25551.75,4
8672,5.0,2.0,121,22865.7,4
8681,5.02,2.12,206,22573.925,4
8683,5.07,2.12,88,22467.5,7
8684,4.54,1.85,68,22467.5,5
8685,4.54,1.85,62,22413.75,5
8689,6.2,2.34,127,22358.925,4
8690,7.1,2.5,149,22306.25,4
8691,5.16,2.44,86,22265.4,5
8699,4.2,1.75,228,23958.2,6
8712,6.12,2.4,197,21498.925,4
8714,5.0,2.3,123,21489.25,7
8718,5.03,2.12,96,21489.25,4
8719,5.07,2.12,93,21489.25,6
8722,7.3,2.48,97,21392.5,15
8727,5.5,2.15,167,23623.005,4
8728,5.24,1.98,63,21285.0,4
8730,5.07,2.12,154,21283.925,4
8732,5.65,2.3,289,23408.7,4
8737,6.2,2.18,168,20962.5,4
8742,4.51,1.75,47,20962.5,5
8752,5.75,2.34,201,20597.0,4
8756,6.2,2.18,57,20425.0,4
8758,5.8,2.37,115,20425.0,4
8768,5.53,2.2,100,20371.25,8
8771,5.6,2.25,91,20317.5,7
8788,5.2,2.22,185,19886.425,4
8790,5.03,2.12,300,21969.01,4
8797,5.65,2.3,129,19778.925,6
8798,6.1,2.5,218,19763.875,7
8799,6.0,1.65,129,19672.5,3
8800,5.03,2.12,78,19638.1,4
8803,6.0,2.38,183,19565.0,5
8804,4.49,1.92,144,21611.835,4
8810,5.0,1.85,133,19344.625,4
8813,5.1,2.1,223,21210.7,5
8814,6.5,2.25,123,19296.25,4
8815,4.0,1.95,109,19296.25,5
8818,5.66,2.1,126,19242.5,4
8819,6.35,2.45,149,19242.5,4
8821,5.04,2.18,76,19242.5,5
8827,6.2,2.18,102,19027.5,5
8828,5.21,2.36,77,18909.25,6
8831,4.0,1.7,52,18812.5,6
8834,5.2,2.1,243,20661.2,4
8835,4.0,2.0,106,18304.0,4
8837,7.5,1.8,146,20331.5,5
8848,5.46,1.92,222,20111.7,4
8850,5.9,2.48,104,18167.5,9
8851,4.7,1.9,91,18167.5,7
8853,5.7,2.35,259,18167.5,9
8856,5.1,2.15,88,18081.5,5
8859,6.15,2.3,117,18006.25,4
8865,6.5,2.29,103,17898.75,6
8867,4.9,2.08,228,19712.763,4
8869,5.4,2.38,180,19672.1,5
8870,5.7,2.18,143,17737.5,4
8871,5.7,2.1,64,17737.5,4
8890,6.12,2.4,111,17198.925,5
8891,5.7,2.5,107,17189.25,7
8892,4.45,1.85,410,18955.552,4
8896,4.7,1.95,93,17092.5,6
8902,6.1,2.3,79,16931.25,4
8905,5.0,1.96,168,18681.901,5
8907,4.3,1.8,159,18529.14,4
8908,5.7,2.18,101,16662.5,4
8929,4.99,2.1,132,16123.925,4
8937,3.55,1.22,101,15985.25,4
8941,4.0,1.0,83,15728.569999999998,4
8947,5.5,2.17,354,15641.25,4
8948,5.3,2.24,141,15587.5,6
8952,5.8,2.55,52,15587.5,4
8955,5.28,2.28,101,15587.5,5
8956,6.22,2.2,216,15587.5,4
8966,5.55,2.29,223,15048.925,4
8969,5.65,2.35,174,14942.5,5
8971,4.5,2.18,58,14942.5,5
8981,5.03,2.08,229,16430.05,4
8983,5.5,2.17,165,14835.0,4
8984,6.5,2.29,82,14835.0,6
8988,5.2,2.06,203,16375.1,4
8990,5.7,2.1,434,15935.5,4
8991,5.9,2.2,344,15935.5,4
8993,4.9,1.95,146,15932.203,6
8995,6.2,2.18,195,14190.0,6
8996,5.9,2.5,232,14190.0,5
8997,5.1,2.1,182,14190.0,4
8999,5.5,2.17,174,14028.75,4
9012,5.4,2.3,231,13867.5,5
9013,5.4,2.3,216,13867.5,5
9023,5.3,2.3,113,13432.125,9
9025,4.26,1.76,200,14836.5,5
9029,4.4,1.9,119,13222.5,5
9030,5.6,2.15,123,13222.5,4
9032,5.5,2.1,528,14506.8,4
9033,5.3,2.15,88,13061.25,8
9034,4.0,1.0,98,12868.57,5
9045,6.15,2.46,193,12792.5,38
9047,4.8,2.0,124,12781.75,7
9050,6.1,2.5,296,12685.0,4
9051,4.93,1.87,215,14012.25,4
9052,4.37,1.82,108,12577.5,5
9053,5.05,2.12,295,12576.425,4
9059,4.26,1.76,109,12362.5,5
9062,4.58,1.84,218,13627.6,5
9073,4.72,2.05,109,11706.75,4
9074,5.4,2.1,85,11634.725,5
9075,5.0,2.3,206,11610.0,9
9077,4.75,1.95,289,12748.4,4
9080,4.95,1.9,274,12528.6,5
9085,4.8,1.85,56,11276.75,4
9086,4.8,1.85,147,11276.75,4
9087,2.79,1.18,174,11273.525,5
9089,4.4,1.9,107,11180.0,5
9090,5.5,2.29,208,11072.5,4
9094,4.25,1.7,124,10748.925,4
9097,5.3,2.1,256,10739.25,4
9102,4.88,2.03,109,10723.125,8
9103,4.45,1.95,345,10696.25,4
9104,4.44,1.85,228,10690.875,4
9113,4.85,1.82,240,10641.425,5
9114,4.77,1.68,41,10588.75,5
9117,5.6,2.16,287,10535.0,6
9121,5.4,2.22,143,10158.75,6
9122,4.0,1.0,62,9938.5,5
9123,4.4,1.75,263,11088.91,5
9124,4.01,1.5,156,11082.316,5
9128,3.55,2.0,169,10935.05,4
9147,5.43,2.15,148,9083.75,4
9149,5.2,1.92,288,8922.5,4
9159,5.3,2.15,214,8589.25,5
9160,5.2,1.92,125,8546.25,5
9165,5.35,2.3,116,8437.675,8
9166,4.62,1.87,224,8051.75,4
9172,4.01,1.5,222,8781.01,4
9174,4.52,1.95,151,7836.75,4
9175,4.1,1.8,85,7740.0,5
9176,4.85,1.72,123,7632.5,5
9177,3.8,1.5,235,8319.43,5
9186,4.6,2.0,194,7471.25,4
9191,4.7,1.9,243,7682.01,4
9195,5.0,2.05,379,6772.5,4
9198,4.85,1.9,169,6718.75,4
9205,5.0,2.1,156,6396.25,6
9208,5.0,2.0,147,6342.5,36
9222,5.1,2.16,203,5158.925,4
9223,3.64,1.37,41,5158.925,5
9224,3.55,1.46,56,5149.25,5
9230,4.4,1.8,354,4836.425,4
9231,4.37,1.89,266,4622.5,6
9232,3.6,1.6,194,4154.22,5
